{
  "42": "42 Coin",
  "300": "300 token",
  "365": "365Coin",
  "404": "404Coin",
  "611": "SixEleven",
  "808": "808",
  "888": "Octocoin",
  "1337": "1337",
  "2015": "2015 coin",
  "ARC*": " Arcade City",
  "CLUB": " ClubCoin",
  "007": "007 coin",
  "ZRX": "0x",
  "BIT16": "16BitCoin",
  "MCT": "1717 Masonic Commemorative Token",
  "1CR": "1Credit",
  "CHAO": "23 Skidoo",
  "2BACCO": "2BACCO Coin",
  "2GIVE": "2GiveCoin",
  "32BIT": "32Bitcoin",
  "3DES": "3DES",
  "8BT": "8 Circuit Studios",
  "8BIT": "8BIT Coin",
  "ATKN": "A-Token",
  "ABC": "AB-Chain",
  "AC3": "AC3",
  "ACT": "ACT",
  "ACOIN": "ACoin",
  "AIDOC": "AI Doctor",
  "XAI*": "AICoin",
  "AIT": "AIT Token",
  "AXT": "AIX",
  "ALX": "ALAX",
  "ALIS": "ALISmedia",
  "ALT": "ALTcoin",
  "AMIS": "AMIS",
  "ARK": "ARK",
  "ARNA": "ARNA Panacea",
  "ATB": "ATB coin",
  "ATCC": "ATC Coin",
  "ATFS": "ATFS Project",
  "ATL": "ATLANT",
  "ATM": "ATMChain",
  "AXR": "AXRON",
  "ACC*": "Accelerator Network",
  "ACCO": "Accolade",
  "AEC": "AcesCoin",
  "ACES": "AcesCoin",
  "ACT*": "Achain",
  "ACID": "AcidCoin",
  "ACTN": "Action Coin",
  "AMT": "Acumen",
  "ACC": "AdCoin",
  "ADX": "AdEx",
  "ADT": "AdToken",
  "ADB": "Adbank",
  "ADBL": "Adblurb",
  "ADL": "Adelphoi",
  "ADST": "Adshares",
  "ABT*": "Advanced Browsing Token",
  "AIB": "AdvancedInternetBlock",
  "ADZ": "Adzcoin",
  "AGS": "Aegis",
  "AEON": "AeonCoin",
  "AERM": "Aerium",
  "AERO": "Aero Coin",
  "AM": "AeroMe",
  "ARN": "Aeron",
  "AE": "Aeternity",
  "AGRS": "Agoras Token",
  "DLT": "Agrello Delta",
  "AHT": "Ahoolee",
  "AID": "AidCoin",
  "ADN": "Aiden",
  "AIX": "Aigang",
  "AION": "Aion",
  "AST": "AirSwap",
  "AIR": "AirToken",
  "AIR*": "Aircoin",
  "ALEX": "Alexandrite",
  "PLM": "Algo.Land",
  "ALN": "AlienCoin",
  "SOC": "All Sports Coin",
  "ASAFE2": "Allsafe",
  "APC": "AlpaCoin",
  "ALF": "AlphaCoin",
  "ACAT": "Alphacat",
  "ALQO": "Alqo",
  "ALTCOM": "AltCommunity Coin",
  "ALTOCAR": "AltoCar",
  "AMBER": "AmberCoin",
  "AMB": "Ambrosus",
  "AMC": "AmericanCoin",
  "AMMO": "Ammo Rewards",
  "AMS": "Amsterdam Coin",
  "AMY": "Amygws",
  "ANCP": "Anacrypt",
  "ANAL": "AnalCoin",
  "ACP": "Anarchists Prime",
  "AND": "AndromedaCoin",
  "ANK": "Ankorus Token",
  "ANC": "Anoncoin",
  "RYZ": "Anryze",
  "ANTI": "Anti Bitcoin",
  "ANTC": "AntiLitecoin",
  "APEX": "ApexCoin",
  "APPC": "AppCoins",
  "APT": "Aptcoin",
  "APX": "Apx",
  "ARCO": "AquariusCoin",
  "AR*": "Ar.cash",
  "ALC": "Arab League Coin",
  "ANT": "Aragon",
  "ARBI": "Arbi",
  "ARB": "Arbit Coin",
  "ARCT": "ArbitrageCT",
  "ABT": "ArcBlock",
  "ARCH": "ArchCoin",
  "ARC": "ArcticCoin",
  "ARDR": "Ardor",
  "ARENA": "Arena",
  "ARG": "Argentum",
  "ARGUS": "ArgusCoin",
  "ARI": "AriCoin",
  "BOTS": "ArkDAO",
  "ARM": "Armory Coin",
  "ARPA": "ArpaCoin",
  "ABY": "ArtByte",
  "ATX": "ArtexCoin",
  "AUA": "ArubaCoin",
  "ASN": "Ascension Coin",
  "XAS": "Asch",
  "AC": "Asia Coin",
  "ADCN": "Asiadigicoin",
  "AST*": "Astral",
  "ASTRO": "Astronaut",
  "ATMS": "Atmos",
  "ATOM": "Atomic Coin",
  "AUC": "Auctus",
  "ADC": "AudioCoin",
  "REP": "Augur",
  "AURS": "Aureus",
  "AURA": "Aurora",
  "AUR": "Aurora Coin",
  "AUTH": "Authoreon",
  "ATS": "Authorship",
  "NIO": "Autonio",
  "AUT": "Autoria",
  "ATM*": "Autumncoin",
  "AVA": "Avalon",
  "AV": "Avatar Coin",
  "AVT": "AventCoin",
  "AVE": "Avesta",
  "ACN": "AvonCoin",
  "AXIOM": "Axiom Coin",
  "AXYS": "Axys",
  "B2BX": "B2B",
  "B3": "B3 Coin",
  "KB3": "B3Coin",
  "BAX": "BABB",
  "BAM": "BAM",
  "BANCA": "BANCA",
  "BKX": "BANKEX",
  "BERN": "BERNcash",
  "BFT": "BF Token (BFT)",
  "VEE": "BLOCKv",
  "BMT": "BMChain",
  "BOOM": "BOOM Coin",
  "BOS": "BOScoin",
  "BQC": "BQCoin",
  "BTCL": "BTC Lite",
  "BTCM": "BTCMoon",
  "BAN": "Babes and Nerds",
  "NANAS": "BananaBits",
  "BNT": "Bancor Network Token",
  "B@": "BankCoin",
  "BNK": "Bankera",
  "BCOIN": "BannerCoin",
  "BBCC": "BaseballCardCoin",
  "BASHC": "BashCoin",
  "BAT": "Basic Attention Token",
  "BTA": "Bata",
  "BCX": "BattleCoin",
  "BSTK": "BattleStake",
  "SAND": "BeachCoin",
  "BRDD": "BeardDollars",
  "XBTS": "Beats",
  "BVC": "BeaverCoin",
  "ARI*": "BeckSang",
  "BEE": "Bee Token",
  "BELA": "BelaCoin",
  "BBI": "BelugaPay",
  "BNC": "Benjacoin",
  "BEN": "Benjamins",
  "BENJI": "BenjiRolls",
  "BEST": "BestChain",
  "BET": "BetaCoin",
  "BETR": "BetterBetting",
  "BEZ": "Bezop",
  "BBP": "BiblePay",
  "BIX": "BiboxCoin",
  "HUGE": "BigCoin",
  "LFC": "BigLifeCoin",
  "BIGUP": "BigUp",
  "BHC": "BighanCoin",
  "BIC": "Bikercoins",
  "BLRY": "BillaryCoin",
  "XBL": "Billionaire Token",
  "BNB": "Binance Coin",
  "BRC*": "BinaryCoin",
  "BIOB": "BioBar",
  "BIO": "Biocoin",
  "BIOS": "BiosCrypto",
  "BIP": "BipCoin",
  "BIS": "Bismuth",
  "BAS": "BitAsean",
  "BTB": "BitBar",
  "BAY": "BitBay",
  "BITB": "BitBean",
  "BBT": "BitBoost",
  "BOSS": "BitBoss",
  "BRONZ": "BitBronze",
  "BCD*": "BitCAD",
  "BITCAR": "BitCar",
  "CAT": "BitClave",
  "COAL": "BitCoal",
  "BCCOIN": "BitConnect Coin",
  "BCR": "BitCredit",
  "BTCRY": "BitCrystal",
  "BCY": "BitCrystals",
  "BTCR": "BitCurrency",
  "BDG": "BitDegree",
  "CSNO": "BitDice",
  "BFX": "BitFinex Tokens",
  "FLIP": "BitFlip",
  "FLX*": "BitFlux",
  "BTG*": "BitGem",
  "HIRE*": "BitHIRE",
  "STU": "BitJob",
  "BTLC": "BitLuckCoin",
  "LUX*": "BitLux",
  "BTM": "BitMark",
  "BTMI": "BitMiles",
  "BM": "BitMoon",
  "BITOK": "BitOKX",
  "BTQ": "BitQuark",
  "BIT": "BitRewards",
  "XSEED": "BitSeeds",
  "BSD": "BitSend",
  "BTE*": "BitSerial",
  "BST": "BitStone",
  "SWIFT": "BitSwift",
  "BXT": "BitTokens",
  "VEG": "BitVegan",
  "VOLT": "BitVolt",
  "ZNY": "BitZeny",
  "BTCA": "Bitair",
  "BAC": "BitalphaCoin",
  "BXC": "Bitcedi",
  "BTD": "Bitcloud",
  "BTDX": "Bitcloud 2.0",
  "BTC": "Bitcoin",
  "BCA": "Bitcoin Atom",
  "CDY": "Bitcoin Candy",
  "BCH": "Bitcoin Cash / BCC",
  "BCD": "Bitcoin Diamond",
  "BTG": "Bitcoin Gold",
  "BTCH": "Bitcoin Hush",
  "BTPL": "Bitcoin Planet",
  "BTCP": "Bitcoin Private",
  "BTCRED": "Bitcoin Red",
  "RBTC": "Bitcoin Revolution",
  "BCR*": "Bitcoin Royal",
  "BTCS": "Bitcoin Scrypt",
  "BT2": "Bitcoin SegWit2X",
  "BTCD": "BitcoinDark",
  "BCF": "BitcoinFast",
  "BIFI": "BitcoinFile",
  "BTCGO": "BitcoinGo",
  "XBC": "BitcoinPlus",
  "BTX*": "BitcoinTX",
  "BTW": "BitcoinWhite",
  "BCX*": "BitcoinX",
  "BTCZ": "BitcoinZ",
  "BM*": "Bitcomo",
  "BTX": "Bitcore",
  "BDL": "Bitdeal",
  "BT1": "Bitfinex Bitcoin Future",
  "BTCL*": "BitluckCoin",
  "BMXT": "Bitmxittz",
  "BQ": "Bitqy",
  "BRO": "Bitradio",
  "BITSD": "Bits Digit",
  "BINS": "Bitsense",
  "BTS": "Bitshares",
  "XBS": "Bitstake",
  "BITS": "BitstarCoin",
  "BITZ": "Bitz Coin",
  "BTZ": "BitzCoin",
  "XBP": "Black Pearl Coin",
  "BLK": "BlackCoin",
  "BS": "BlackShadowCoin",
  "BHC*": "BlackholeCoin",
  "BMC": "Blackmoon Crypto",
  "BSTAR": "Blackstar",
  "BLC": "BlakeCoin",
  "BLAS": "BlakeStar",
  "BLAZR": "BlazerCoin",
  "BLITZ": "BlitzCoin",
  "ARY": "Block Array",
  "CAT*": "BlockCAT",
  "BCDN": "BlockCDN ",
  "LNC": "BlockLancer",
  "BCPT": "BlockMason Credit Protocol",
  "BLOCK": "BlockNet",
  "BLOCKPAY": "BlockPay",
  "BPL": "BlockPool",
  "BCAP": "Blockchain Capital",
  "BLX": "Blockchain Index",
  "BTF": "Blockchain Traded Fund",
  "BPT": "Blockport",
  "TIX": "Blocktix",
  "BLT": "Bloom Token",
  "CDT": "Blox",
  "BLU": "BlueCoin",
  "BDR": "BlueDragon",
  "BLZ": "Bluzelle",
  "BNX": "BnrtxCoin",
  "BNB*": "Boats and Bitches",
  "BOB": "Bob Coin",
  "BOT": "Bodhi",
  "BOG": "Bogcoin",
  "BOLD": "Bold",
  "BLN": "Bolenum",
  "BOLI": "BolivarCoin",
  "BOMB": "BombCoin",
  "BON*": "BonesCoin",
  "BON": "Bonpay",
  "BBR": "Boolberry",
  "BOST": "BoostCoin",
  "BOSON": "BosonCoin",
  "CAP": "BottleCaps",
  "BTO": "Bottos",
  "BOU": "Boulle",
  "XBTY": "Bounty",
  "BNTY": "Bounty0x",
  "AHT*": "Bowhead Health",
  "BSC": "BowsCoin",
  "BOXY": "BoxyCoin",
  "BRAIN": "BrainCoin",
  "BRAT": "Brat",
  "BRD": "Bread token",
  "BRX": "Breakout Stake",
  "BRK": "BreakoutCoin",
  "BBT*": "BrickBlock",
  "BCO": "BridgeCoin",
  "BRC": "BrightCoin",
  "BRIT": "BritCoin",
  "BT": "BuildTeam",
  "BULLS": "BullshitCoin",
  "BWK": "Bulwark",
  "BUN": "BunnyCoin",
  "BURST": "BurstCoin",
  "BUZZ": "BuzzCoin",
  "BYC": "ByteCent",
  "BCN": "ByteCoin",
  "BTE": "ByteCoin",
  "GBYTE": "Byteball",
  "BTH": "Bytether ",
  "BTM*": "Bytom",
  "XCT": "C-Bits",
  "CAIx": "CAIx",
  "CBD": "CBD Crystals",
  "CCC": "CCCoin",
  "CEDEX": "CEDEX Coin",
  "CETI": "CETUS Coin",
  "CHIPS": "CHIPS",
  "CINNI": "CINNICOIN",
  "CLAM": "CLAMS",
  "CO2": "CO2 Token",
  "CMS": "COMSA",
  "CPY": "COPYTRACK",
  "COSS": "COSS",
  "CPC*": "CPChain",
  "MLS": "CPROP",
  "CAB": "CabbageUnit",
  "CACH": "Cachecoin",
  "CF": "Californium",
  "CALC": "CaliphCoin",
  "CLO": "Callisto Network",
  "CAM": "Camcoin",
  "CMPCO": "CampusCoin",
  "CAN": "CanYaCoin",
  "CND*": "Canada eCoin",
  "CDN": "Canada eCoin",
  "CCN": "CannaCoin",
  "XCI": "Cannabis Industry Coin",
  "CANN": "CannabisCoin",
  "XCD": "Capdax",
  "CAPP": "Cappasity",
  "CPC": "CapriCoin",
  "CTX": "CarTaxi",
  "CV": "CarVertical",
  "CARBON": "Carboncoin",
  "ADA": "Cardano",
  "CARE": "Care Token",
  "CXO": "CargoX",
  "DIEM": "CarpeDiemCoin",
  "CTC": "CarterCoin",
  "CNBC": "Cash & Back Coin",
  "CASH*": "Cash Poker Pro",
  "CBC": "CashBagCoin",
  "CASH": "CashCoin",
  "CSH": "CashOut",
  "CAS": "Cashaa",
  "CSC": "CasinoCoin",
  "CSTL": "Castle",
  "CAT1": "Catcoin",
  "CAV": "Caviar",
  "CEL": "Celsius Network",
  "CTR": "Centra",
  "CNT": "Centurion",
  "CBS": "Cerberus",
  "XCE": "Cerium",
  "CHC": "ChainCoin",
  "LINK": "ChainLink",
  "CHAN": "ChanCoin",
  "CAG": "Change",
  "CHG": "Charg Coin",
  "CHA": "Charity Coin",
  "CHAT": "ChatCoin",
  "CXC": "CheckCoin",
  "CHESS": "ChessCoin",
  "CHILD": "ChildCoin",
  "CHI": "Chimaera",
  "CNC": "ChinaCoin",
  "CHIP": "Chip",
  "CHOOF": "ChoofCoin",
  "DAY": "Chronologic",
  "CRX": "ChronosCoin",
  "CIN": "CinderCoin",
  "CND": "Cindicator",
  "CIR": "CircuitCoin",
  "COVAL": "Circuits of Value",
  "CVC": "Civic",
  "POLL": "ClearPoll",
  "CLV": "CleverCoin",
  "CHASH": "CleverHash",
  "CLICK": "Clickcoin",
  "CLIN": "Clinicoin",
  "CLINT": "Clinton",
  "CLOAK": "CloakCoin",
  "CKC": "Clockcoin",
  "CLD": "Cloud",
  "CLOUT": "Clout",
  "CLUD": "CludCoin",
  "COE": "CoEval",
  "COB": "Cobinhood",
  "COX": "CobraCoin",
  "CTT": "CodeTract",
  "CFC": "CoffeeCoin",
  "CFI": "Cofound.it",
  "COIN*": "Coin",
  "XMG": "Coin Magi",
  "BTTF": "Coin to the Future",
  "C2": "Coin.2",
  "COFI": "CoinFi",
  "XCJ": "CoinJob",
  "CL": "CoinLancer",
  "CPL": "CoinPlace Token",
  "CHP": "CoinPoker Token",
  "LAB*": "CoinWorksCoin",
  "CTIC": "Coinmatic",
  "CNO": "Coino",
  "CNMT": "Coinomat",
  "CXT": "Coinonat",
  "XCXT": "CoinonatX",
  "COLX": "ColossusCoinXT",
  "CLN": "Colu Local Network",
  "CMT": "CometCoin",
  "CBT": "CommerceBlock Token",
  "CDX": "Commodity Ad Network",
  "COMM": "Community Coin",
  "COC": "Community Coin",
  "CMP": "Compcoin",
  "COMP": "Compound Coin",
  "CPN": "CompuCoin",
  "CYC": "ConSpiracy Coin ",
  "CNL": "ConcealCoin",
  "RAIN": "Condensate",
  "CFD": "Confido",
  "CJT": "ConnectJob Token",
  "CQST": "ConquestCoin",
  "CUZ": "Cool Cousin",
  "COOL": "CoolCoin",
  "CCX": "CoolDarkCoin",
  "XCPO": "Copico",
  "CLR": "CopperLark",
  "CORAL": "CoralPay",
  "CORE": "Core Group Asset",
  "COR": "Corion",
  "CSMIC": "Cosmic",
  "ATOM*": "Cosmos",
  "CMC": "CosmosCoin",
  "XCP": "CounterParty",
  "COV*": "CovenCoin",
  "COV": "Covesting",
  "CRAB": "CrabCoin",
  "CRACK": "CrackCoin",
  "CRC*": "CraftCoin",
  "CRAFT": "Craftcoin",
  "CFTY": "Crafty",
  "CRAIG": "CraigsCoin",
  "CRNK": "CrankCoin",
  "CRAVE*": "Crave-NG",
  "CRAVE": "CraveCoin",
  "CZC": "Crazy Coin",
  "CRM": "Cream",
  "XCRE": "Creatio",
  "CREA": "CreativeChain",
  "CRDNC": "Credence Coin",
  "CRB": "Creditbit ",
  "CRE*": "Creditcoin",
  "CRE": "Credits",
  "CRDS": "Credits",
  "CS*": "Credits",
  "CFT*": "Credo",
  "CREDO": "Credo",
  "CREVA": "Creva Coin",
  "CROAT": "Croat",
  "CMCT": "Crowd Machine",
  "CRC": "CrowdCoin",
  "CCOS": "CrowdCoinage",
  "WIZ": "Crowdwiz",
  "CRW": "Crown Coin",
  "CRC**": "CryCash",
  "CRYPT": "CryptCoin",
  "CRL": "Cryptelo Coin",
  "CRPT": "Crypterium",
  "XCR": "Crypti",
  "CTO": "Crypto",
  "CESC": "Crypto Escudo",
  "CIF": "Crypto Improvement Fund",
  "TKT": "Crypto Tickets",
  "CWIS": "Crypto Wisdom Coin",
  "CWX": "Crypto-X",
  "C20": "Crypto20",
  "CABS": "CryptoABS",
  "BUK": "CryptoBuk",
  "CBX": "CryptoBullion",
  "CCRB": "CryptoCarbon",
  "CIRC": "CryptoCircuits",
  "FCS": "CryptoFocus",
  "CFT": "CryptoForecast",
  "TKR": "CryptoInsight",
  "CJ": "CryptoJacks",
  "CJC": "CryptoJournal",
  "CPAY": "CryptoPay",
  "CRPS": "CryptoPennies",
  "PING": "CryptoPing",
  "CS": "CryptoSpots",
  "CWV": "CryptoWave",
  "CWXT": "CryptoWorldXToken",
  "CDX*": "Cryptodex",
  "CGA": "Cryptographic Anomaly",
  "CYT": "Cryptokenz",
  "CIX": "Cryptonetix",
  "CNX": "Cryptonex",
  "XCN": "Cryptonite",
  "MN": "Cryptsy Mining Contract",
  "POINTS": "Cryptsy Points",
  "CRTM": "Cryptum",
  "CVCOIN": "Crypviser",
  "CCT": "Crystal Clear Token ",
  "AUTO": "Cube",
  "QBT": "Cubits",
  "CURE": "Curecoin",
  "CRU": "Curium",
  "XCS": "CybCSec Coin",
  "CC": "CyberCoin",
  "CMT*": "CyberMiles",
  "CABS*": "CyberTrust",
  "CYDER": "Cyder Coin",
  "CYG": "Cygnus",
  "CYP": "CypherPunkCoin",
  "FUNK": "Cypherfunks Coin",
  "DADI": "DADI",
  "BET*": "DAO.casino",
  "DAS": "DAS",
  "DRP": "DCORP",
  "DFS": "DFSCoin",
  "DIM": "DIMCOIN",
  "DMT": "DMarket",
  "DNN": "DNN Token",
  "DOVU": "DOVU",
  "DRPU": "DRP Utility",
  "DRACO": "DT Token",
  "DAI": "Dai",
  "DAR": "Darcrus",
  "DEC*": "Darico",
  "DARK": "Dark",
  "DISK": "Dark Lisk",
  "MOOND": "Dark Moon",
  "DB": "DarkBit",
  "DRKC": "DarkCash",
  "DCC": "DarkCrave",
  "DETH": "DarkEther",
  "DGDC": "DarkGold",
  "DKC": "DarkKnightCoin",
  "DANK": "DarkKush",
  "DSB": "DarkShibe",
  "DT": "DarkToken",
  "DRKT": "DarkTron",
  "DNET": "Darknet",
  "DSH": "Dashcoin",
  "DTA": "Data",
  "DTT*": "Data Trading",
  "DTX": "DataBroker DAO",
  "DXT": "DataWallet",
  "DTB": "Databits",
  "DTC*": "Datacoin",
  "DTRC": "Datarius",
  "DAT": "Datum",
  "DAV": "DavorCoin",
  "DAXX": "DaxxCoin",
  "DTC": "DayTrader Coin",
  "DHT": "DeHedge Token",
  "XNA": "DeOxyRibose",
  "DBTC": "DebitCoin",
  "DEB": "Debitum Token",
  "DCT": "Decent",
  "DBET": "Decent.bet",
  "MANA": "Decentraland",
  "DUBI": "Decentralized Universal Basic Income",
  "HST": "Decision Token",
  "DCR": "Decred",
  "DEEP": "Deep Gold",
  "DBC": "DeepBrain Chain",
  "ONION": "DeepOnion",
  "DEA": "Degas Coin",
  "DPAY": "DelightPay",
  "DCRE": "DeltaCredits",
  "DNR": "Denarius",
  "DNO": "Denaro",
  "DENT": "Dent",
  "DCN": "Dentacoin",
  "DFBT": "DentalFix",
  "DSR": "Desire",
  "DES": "Destiny",
  "DTCT": "DetectorToken",
  "DTH": "Dether",
  "DVC": "DevCoin",
  "EVE": "Devery",
  "DMD": "Diamond",
  "DCK": "DickCoin",
  "DIGS": "Diggits",
  "DGB": "DigiByte",
  "DGC": "DigiCoin",
  "CUBE": "DigiCube",
  "DEUR": "DigiEuro",
  "DIGIF": "DigiFel",
  "DGM": "DigiMoney",
  "DGPT": "DigiPulse",
  "DGMS": "Digigems",
  "DPP": "Digital Assets Power Play",
  "DBG": "Digital Bullion Gold",
  "DDF": "Digital Developers Fund",
  "DRS": "Digital Rupees",
  "DASH": "DigitalCash",
  "XDN": "DigitalNote ",
  "DP": "DigitalPrice",
  "DGD": "Digix DAO",
  "DIG": "Dignity",
  "DIME": "DimeCoin",
  "DCY": "Dinastycoin",
  "DIN": "Dinero",
  "XDQ": "Dirac Coin",
  "DIVX": "Divi",
  "DTC**": "DivotyCoin",
  "DLISK": "Dlisk",
  "NOTE": "Dnotes",
  "DOC": "Doc Coin",
  "NRN": "Doc.ai Neuron",
  "DOGED": "DogeCoinDark",
  "DGORE": "DogeGoreCoin",
  "XDP": "DogeParty",
  "DOGE": "Dogecoin",
  "DLC": "DollarCoin",
  "DLR": "DollarOnline",
  "DRT": "DomRaider",
  "DON": "DonationCoin",
  "DOPE": "DopeCoin",
  "DOR": "Dorado",
  "DOT": "Dotcoin",
  "BOAT": "Doubloon",
  "DRA": "DraculaCoin",
  "DFT": "Draftcoin",
  "DRG": "Dragon Coin",
  "XDB": "DragonSphere",
  "DRGN": "Dragonchain",
  "DRM8": "Dream8Coin",
  "DTT": "DreamTeam Token",
  "DRZ": "Droidz",
  "DRC": "Dropcoin",
  "DRXNE": "Droxne",
  "DUB": "DubCoin",
  "DBIC": "DubaiCoin",
  "DBIX": "DubaiCoin",
  "DUCK": "DuckDuckCoin",
  "DUTCH": "Dutch Coin",
  "DUX": "DuxCoin",
  "DYN": "Dynamic",
  "DTR": "Dynamic Trading Rights",
  "DBR": "Düber",
  "ECC*": "E-CurrencyCoin",
  "EDR": "E-Dinar Coin",
  "EFL": "E-Gulden",
  "EB3": "EB3coin",
  "EBC": "EBCoin",
  "ECC": "ECC",
  "ECO": "ECOcoin",
  "EDRC": "EDRCoin",
  "EGO": "EGOcoin",
  "ELTCOIN": "ELTCOIN",
  "ENTRC": "ENTER COIN",
  "EOS": "EOS",
  "EQL": "EQUAL",
  "EQ": "EQUI",
  "EQUI": "EQUI Token",
  "ERB": "ERBCoin",
  "ETS": "ETH Share",
  "EGAS": "ETHGAS",
  "EXRN": "EXRNchain",
  "EZC": "EZCoin",
  "EZM": "EZMarket",
  "EA": "EagleCoin",
  "EAGS": "EagsCoin",
  "EARTH": "Earth Token",
  "EAC": "EarthCoin",
  "EMT": "EasyMine",
  "EBZ": "Ebitz",
  "EBS": "EbolaShare",
  "EKO": "EchoLink",
  "EC": "Eclipse",
  "ECOB": "EcoBit",
  "EDDIE": "Eddie coin",
  "EDGE": "EdgeCoin",
  "EDG": "Edgeless",
  "EDC": "EducoinV",
  "EGG": "EggCoin",
  "EDO": "Eidoo",
  "EMC2": "Einsteinium",
  "ELC": "Elacoin",
  "XEL": "Elastic",
  "ELA": "Elastos",
  "ECA": "Electra",
  "ETN": "Electroneum",
  "EKN": "Elektron",
  "ELE": "Elementrem",
  "ELM": "Elements",
  "ELI*": "Elicoin",
  "ELI": "Eligma",
  "8S": "Elite 888",
  "ELIX": "Elixir",
  "ELLA": "Ellaism",
  "ELP": "Ellerium",
  "ELT": "Eloplay",
  "ELS": "Elysium",
  "EMB": "EmberCoin",
  "MBRS": "Embers",
  "EMD": "Emerald",
  "EMC": "Emercoin",
  "EMIGR": "EmiratesGoldCoin",
  "EPY*": "Emphy",
  "EMPC": "EmporiumCoin",
  "EPY": "Empyrean",
  "DNA": "Encrypgen",
  "ETT": "EncryptoTel",
  "ENE": "EneCoin",
  "ETK": "Energi Token",
  "TSL": "Energo",
  "ENRG": "EnergyCoin",
  "XNG": "Enigma",
  "ENG": "Enigma",
  "ENJ": "Enjin Coin",
  "ENK": "Enkidu",
  "ENTER": "EnterCoin (ENTER)",
  "ENTRP": "Entropy Token",
  "EVN": "Envion",
  "EQUAL": "EqualCoin",
  "EQT": "EquiTrader",
  "EQB": "Equibit",
  "EQM": "Equilibrium Coin",
  "EFYT": "Ergo",
  "ERO": "Eroscoin",
  "ERR": "ErrorCoin",
  "ERY": "Eryllium",
  "ESP": "Espers",
  "ERT": "Esports.com",
  "XEC": "Eternal Coin",
  "ENT": "Eternity",
  "EBET": "EthBet",
  "ETBS": "EthBits",
  "LEND": "EthLend",
  "ETHB": "EtherBTC",
  "EDT": "EtherDelta",
  "DOGETH": "EtherDoge",
  "ETL": "EtherLite",
  "ETH": "Ethereum",
  "ETBT": "Ethereum Black",
  "BLUE": "Ethereum Blue",
  "ECASH": "Ethereum Cash",
  "ETC": "Ethereum Classic",
  "ETHD": "Ethereum Dark",
  "ETG": "Ethereum Gold",
  "LNK": "Ethereum.Link",
  "BTCE": "EthereumBitcoin",
  "ETF": "EthereumFog",
  "ELITE": "EthereumLite",
  "ETHS": "EthereumScrypt",
  "RIYA": "Etheriya",
  "DICE": "Etheroll",
  "FUEL": "Etherparty",
  "ESC": "Ethersportcoin",
  "NEC*": "Ethfinex Nectar Token",
  "HORSE": "Ethorse ",
  "ETHOS": "Ethos",
  "ET4": "Eticket4",
  "EUC": "Eurocoin",
  "ERC": "EuropeCoin",
  "EVN*": "EvenCoin",
  "EVENT": "Event Token",
  "EVC": "Eventchain",
  "EGC": "EverGreenCoin",
  "EVX": "Everex",
  "EVR": "Everus",
  "EOC": "EveryonesCoin",
  "EVIL": "EvilCoin",
  "EXB": "ExaByte (EXB)",
  "XUC": "Exchange Union",
  "EXN": "ExchangeN",
  "EXCL": "Exclusive Coin",
  "EXE": "ExeCoin",
  "EXIT": "ExitCoin",
  "EXP": "Expanse",
  "XP": "Experience Points",
  "EXY": "Experty",
  "EON": "Exscudo",
  "EXTN": "Extensive Coin",
  "XTRA": "ExtraCredit",
  "XSB": "Extreme Sportsbook",
  "XT": "ExtremeCoin",
  "F16": "F16Coin",
  "FX": "FCoin",
  "FIBRE": "FIBRE",
  "eFIC": "FIC Network",
  "FLASH": "FLASH coin",
  "FLIK": "FLiK",
  "FC": "Facecoin",
  "FCT": "Factoids",
  "FAIR": "FairCoin",
  "FAIR*": "FairGame",
  "FAME": "FameCoin",
  "FCN": "FantomCoin ",
  "FRD": "Farad",
  "FST": "FastCoin",
  "DROP*": "FaucetCoin",
  "FAZZ": "FazzCoin",
  "FTC": "FeatherCoin",
  "FIL": "FileCoin",
  "FILL": "Fillit",
  "FNT": "FinTab",
  "FIND": "FindCoin",
  "FIRE": "FireCoin",
  "FLOT": "FireLotto",
  "FRC": "FireRoosterCoin",
  "FFC": "FireflyCoin",
  "1ST": "FirstBlood",
  "FIRST": "FirstCoin",
  "FRST": "FirstCoin",
  "FIST": "FistBump",
  "FIT": "Fitcoin",
  "FLAP": "Flappy Coin",
  "FLX": "Flash",
  "FLVR": "FlavorCoin",
  "FLIXX": "Flixxo",
  "FLO": "FlorinCoin",
  "FLT": "FlutterCoin",
  "FLY": "FlyCoin",
  "FYP": "FlypMe",
  "FLDC": "Folding Coin",
  "FLLW": "Follow Coin",
  "FONZ": "FonzieCoin",
  "FOOD": "FoodCoin",
  "XFT": "Footy Cash",
  "FOR": "Force Coin",
  "XFC": "Forever Coin",
  "FOREX": "ForexCoin",
  "FOTA": "Fortuna",
  "FSBT": "Forty Seven Bank",
  "FRAC": "FractalCoin",
  "FRN": "Francs",
  "FRK": "Franko",
  "FRWC": "Frankywillcoin",
  "FRAZ": "FrazCoin",
  "FGZ": "Free Game Zone",
  "FRE": "FreeCoin",
  "FSC2": "FriendshipCoin",
  "FUCK": "Fuck Token",
  "FC2": "Fuel2Coin",
  "FJC": "FujiCoin",
  "NTO": "Fujinto",
  "FLS": "Fuloos Coin",
  "FUNC": "FunCoin",
  "FUN": "FunFair",
  "FUND": "Fund Platform",
  "FND": "FundRequest",
  "FYN": "FundYourselfNow",
  "FSN": "Fusion",
  "FSN*": "Fusion",
  "FUTC": "FutCoin",
  "FTP": "FuturePoints",
  "FUZZ": "Fuzzballs",
  "GAIA": "GAIA Platform",
  "GAKH": "GAKHcoin",
  "GAT": "GATCOIN",
  "GBRC": "GBR Coin",
  "GTO": "GIFTO",
  "GIZ": "GIZMOcoin",
  "GPU": "GPU Coin",
  "GSM": "GSM Coin",
  "GXS": "GXShares",
  "GNR": "Gainer",
  "ORE": "Galactrum",
  "GES": "Galaxy eSolutions",
  "GLX": "GalaxyCoin",
  "GAM": "Gambit coin",
  "GTC": "Game",
  "GBT": "GameBetCoin",
  "GML": "GameLeagueCoin",
  "UNITS": "GameUnits",
  "GX": "GameX",
  "GAME": "Gamecredits",
  "FLP": "Gameflip",
  "GNJ": "GanjaCoin V2",
  "GAP": "Gapcoin",
  "GRLC": "Garlicoin",
  "GAS": "Gas",
  "GAY": "GayCoin",
  "GEMZ": "Gemz Social",
  "GXC*": "GenXCoin",
  "GNX": "Genaro Network",
  "GVT": "Genesis Vision",
  "GSY": "GenesysCoin",
  "GEN": "Genstake",
  "GEO": "GeoCoin",
  "GUNS": "GeoFunders",
  "GER": "GermanCoin",
  "SPKTR": "Ghost Coin",
  "GHC": "GhostCoin",
  "GHOUL": "Ghoul Coin",
  "GOFF": "Gift Off Token",
  "GIFT": "GiftNet",
  "GFT": "Giftcoin",
  "GIG": "GigCoin",
  "GHS": "Giga Hash",
  "WTT": "Giga Watt",
  "GGS": "Gilgam",
  "GIM": "Gimli",
  "GMR": "Gimmer",
  "GOT": "Giotto Coin",
  "GIVE": "GiveCoin",
  "GLA": "Gladius",
  "GLOBE": "Global",
  "GCR": "Global Currency Reserve",
  "GJC": "Global Jobcoin",
  "GTC*": "Global Tour Coin",
  "BSTY": "GlobalBoost",
  "GLC": "GlobalCoin",
  "GLT": "GlobalToken",
  "GSX": "GlowShares",
  "GLYPH": "GlyphCoin",
  "GNO": "Gnosis",
  "xGOx": "Go!",
  "GBX": "GoByte",
  "GOA": "GoaCoin",
  "GOAT": "Goat",
  "GPL": "Gold Pressed Latinum",
  "GRX": "Gold Reward Token",
  "GB": "GoldBlocks",
  "GLD": "GoldCoin",
  "MNT": "GoldMint",
  "GP": "GoldPieces",
  "XGR": "GoldReserve",
  "GEA": "Goldea",
  "XGB": "GoldenBird",
  "GMX": "Goldmaxcoin",
  "GNT": "Golem Network Token",
  "GOLOS": "Golos",
  "GOOD": "GoodCoin",
  "GOOD*": "Goodomy",
  "GOON": "Goonies",
  "BUCKS*": "GorillaBucks",
  "GOTX": "GothicCoin",
  "GRFT": "Graft Blockchain",
  "GRAM": "Gram Coin",
  "GDC": "GrandCoin",
  "GRT": "Grantcoin",
  "GAI": "GraphGrail AI",
  "GRAV": "Graviton",
  "GBIT": "GravityBit",
  "GRE": "GreenCoin",
  "GREXIT": "GrexitCoin",
  "GRID": "Grid+",
  "GRC": "GridCoin",
  "GRM": "GridMaster",
  "GRID*": "GridPay",
  "GMC": "Gridmaster",
  "GRS": "Groestlcoin ",
  "GRO": "Gron Digital",
  "GRWI": "Growers International",
  "GROW": "GrownCoin",
  "GRW": "GrowthCoin",
  "GET": "Guaranteed Entrance Token",
  "GCC": "GuccioneCoin",
  "GUE": "GuerillaCoin",
  "NLG": "Gulden",
  "GUN": "GunCoin",
  "GUP": "Guppy",
  "GXC": "Gx Coin",
  "HELL": "HELL COIN",
  "PLAY": "HEROcoin",
  "HQX": "HOQU",
  "HODL": "HOdlcoin",
  "HTML": "HTML Coin",
  "HTML5": "HTML5 Coin",
  "HKN": "Hacken",
  "HKG": "Hacker Gold",
  "HAC": "Hackspace Capital",
  "HALAL": "Halal",
  "HLC": "Halal-Chain",
  "HAL": "Halcyon",
  "HALLO": "Halloween Coin",
  "HMT": "Hamster Marketplace Token",
  "HAMS": "HamsterCoin",
  "HION": "Handelion",
  "HPC": "HappyCoin",
  "HCC": "HappyCreatorCoin ",
  "HRB": "Harbour DAO",
  "HGS": "HashGains",
  "HAV": "Havven",
  "HAT": "Hawala.Today",
  "HZT": "HazMatCoin",
  "HAZE": "HazeCoin",
  "HHEM": "Healthureum",
  "WORM": "HealthyWorm",
  "HEAT": "Heat Ledger",
  "HVC": "HeavyCoin",
  "HDG": "Hedge Token",
  "HEDG": "Hedgecoin",
  "HEEL": "HeelCoin",
  "HYS": "Heiss Shares",
  "HBZ": "Helbiz",
  "HNC": "Hellenic Coin",
  "HGT": "Hello Gold",
  "HMP": "HempCoin",
  "HXT": "HextraCoin",
  "HXX": "HexxCoin",
  "XHI": "HiCoin",
  "HPB": "High Performance Blockchain",
  "HVCO": "High Voltage Coin",
  "HIRE": "HireMatch",
  "HTC": "Hitcoin",
  "HIVE": "Hive",
  "HVN": "Hive Project",
  "HBN": "HoboNickels",
  "HBC": "HomeBlockCoin",
  "HONEY": "Honey",
  "HZ": "Horizon",
  "HSP": "Horse Power",
  "HSR": "Hshare",
  "HBT": "Hubiit",
  "HMQ": "Humaniq",
  "HNC*": "Huncoin",
  "HUC": "HunterCoin",
  "HT": "Huobi Token",
  "HUSH": "Hush",
  "H2O": "Hydrominer",
  "HYPER": "HyperCoin",
  "HYP": "Hyperstake",
  "I0C": "I0coin",
  "ICASH": "ICASH",
  "ICOO": "ICO OpenLedger",
  "ICOS": "ICOBox",
  "ICX": "ICON Project",
  "ILC": "ILCoin",
  "ILCT": "ILCoin Token",
  "IML": "IMMLA",
  "INS": "INS Ecosystem",
  "IOC": "IOCoin",
  "IOST": "IOS token",
  "IOT": "IOTA",
  "IOU": "IOU1",
  "IPC*": "IPChain",
  "IXC": "IXcoin",
  "ROCK": "Ice Rock Mining",
  "ICB": "IceBergCoin",
  "ICOB": "Icobid",
  "ICON": "Iconic",
  "ICN": "Iconomi",
  "IGNIS": "Ignis",
  "IMV": "ImmVRse",
  "IMX": "Impact",
  "IMPCH": "Impeach",
  "IPC": "ImperialCoin",
  "IMPS": "Impulse Coin",
  "IN": "InCoin",
  "INPAY": "InPay",
  "NKA": "IncaKoin",
  "INCNT": "Incent",
  "INCP": "InceptionCoin",
  "INC": "Incrementum",
  "IDH": "IndaHash",
  "IMS": "Independent Money System",
  "ERC20": "Index ERC20",
  "INDI": "IndiCoin",
  "IND": "Indorse",
  "IFC": "Infinite Coin",
  "XIN": "Infinity Economics",
  "INF8": "Infinium-8",
  "IFLT": "InflationCoin",
  "INFX": "Influxcoin",
  "INK": "Ink",
  "XNK": "Ink Protocol",
  "INN": "Innova",
  "INSN": "Insane Coin",
  "INSANE": "InsaneCoin",
  "WOLF": "Insanity Coin",
  "INSTAR": "Insights Network",
  "ICC": "Insta Cash Coin",
  "MINE": "Instamine Nuggets",
  "IPL": "InsurePal",
  "IQB": "Intelligence Quotient Benefit",
  "ITT": "Intelligent Trading Technologies",
  "ITNS": "IntenseCoin",
  "XID*": "International Diamond Coin",
  "INT": "Internet Node Token",
  "IOP": "Internet of People",
  "INXT": "Internxt",
  "IPBC": "Interplanetary Broadcast Coin",
  "HOLD": "Interstellar Holdings",
  "ITZ": "Interzone",
  "INV*": "Invacio",
  "IFT": "InvestFeed",
  "INV": "Invictus",
  "IVZ": "InvisibleCoin",
  "INVOX": "Invox Finance",
  "ITC": "IoT Chain",
  "ION": "Ionomy",
  "IRL": "IrishCoin",
  "ISL": "IslaCoin",
  "ING": "Iungo",
  "IEC": "IvugeoEvolutionCoin",
  "IWT": "IwToken",
  "JPC*": "J Coin",
  "J8T": "JET8",
  "JIO": "JIO Token",
  "JPC": "JackPotCoin",
  "JANE": "JaneCoin",
  "JNS": "Janus",
  "JVY": "Javvy",
  "JC": "JesusCoin",
  "JET": "Jetcoin",
  "JWL": "Jewels",
  "JNT": "Jibrel Network Token",
  "JIF": "JiffyCoin",
  "JCR": "Jincor",
  "JINN": "Jinn",
  "JOBS": "JobsCoin",
  "J": "JoinCoin",
  "JOK": "JokerCoin",
  "XJO": "JouleCoin",
  "JOY": "JoyToken",
  "JUDGE": "JudgeCoin",
  "JBS": "JumBucks Coin",
  "JKC": "JunkCoin",
  "JDC": "JustDatingSite",
  "KAT": "KATZcoin",
  "KRC": "KRCoin",
  "KREDS": "KREDS",
  "KZC": "KZCash",
  "KLK": "Kalkulus",
  "KAPU": "Kapu",
  "KRB": "Karbo",
  "KRM": "Karma",
  "KARMA": "Karmacoin",
  "KAYI": "Kayı",
  "KEK": "KekCoin",
  "KCN": "Kencoin",
  "KC": "Kernalcoin",
  "KEX": "KexCoin",
  "KEY*": "KeyCoin",
  "KICK": "KickCoin",
  "KLC": "KiloCoin",
  "KIN": "Kin",
  "KIND": "Kind Ads",
  "KING": "King93",
  "KNC**": "KingN Coin",
  "MEOW": "Kittehcoin",
  "KED": "Klingon Empire Darsek",
  "KDC": "Klondike Coin",
  "KNW": "Knowledge ",
  "KOBO": "KoboCoin",
  "KOLION": "Kolion",
  "KMD": "Komodo",
  "KORE": "Kore",
  "KRAK": "Kraken",
  "KRONE": "Kronecoin",
  "KGC": "KrugerCoin",
  "KTK": "KryptCoin",
  "KR": "Krypton",
  "KBR": "Kubera Coin",
  "KUBO": "KubosCoin",
  "KCS": "Kucoin",
  "KURT": "Kurrent",
  "KUSH": "KushCoin",
  "KNC": "Kyber Network",
  "LA": "LATOKEN",
  "LBC": "LBRY Credits",
  "LEO": "LEOcoin",
  "LGBTQ": "LGBTQoin",
  "LHC": "LHCoin",
  "LIFE": "LIFE",
  "LIPC": "LIpcoin",
  "LTBC": "LTBCoin",
  "LUX": "LUXCoin",
  "LAB": "Labrys",
  "BAC*": "LakeBanker",
  "TAU": "Lamden Tau",
  "PIX": "Lampix",
  "LANA": "LanaCoin",
  "LTH": "Lathaan",
  "LAT": "Latium",
  "LAZ": "Lazarus",
  "LEPEN": "LePenCoin",
  "LEA": "LeaCoin",
  "LDC": "LeadCoin",
  "LEAF": "LeafCoin",
  "LGD*": "Legendary Coin",
  "LGD": "Legends Cryptocurrency",
  "LGO": "Legolas Exchange",
  "LELE": "Lelecoin",
  "LEMON": "LemonCoin",
  "LCT": "LendConnect",
  "LOAN": "Lendoit",
  "LENIN": "LeninCoin",
  "LIR": "Let it Ride",
  "LVG": "Leverage Coin",
  "LEV": "Leverj",
  "XLC": "LeviarCoin",
  "XLB": "LibertyCoin",
  "LXC": "LibrexCoin",
  "LSD": "LightSpeedCoin",
  "LIMX": "LimeCoinX",
  "LTD": "Limited Coin",
  "LINDA": "Linda",
  "LINX": "Linx",
  "LQD": "Liquid",
  "LSK": "Lisk",
  "LBTC": "LiteBitcoin",
  "LTG": "LiteCoin Gold",
  "LTCU": "LiteCoin Ultra",
  "LCWP": "LiteCoinW Plus",
  "LTCR": "LiteCreed",
  "LDOGE": "LiteDoge",
  "LTB": "Litebar ",
  "LTC": "Litecoin",
  "LTCH": "Litecoin Cash",
  "LCP": "Litecoin Plus",
  "LCASH": "LitecoinCash",
  "LCC": "LitecoinCash",
  "LTCD": "LitecoinDark",
  "LTCX": "LitecoinX",
  "LTS": "Litestar Coin",
  "LTA": "Litra",
  "LIV": "LiviaCoin",
  "LIZ": "Lizus Payment",
  "LWF": "Local World Forwarders",
  "LOCI": "LociCoin",
  "LOC*": "LockChain",
  "LOC": "Loco",
  "LMC": "LomoCoin",
  "LOOK": "LookCoin",
  "LRC": "Loopring",
  "LOT": "LottoCoin",
  "LYK": "Loyakk Vega",
  "BASH": "LuckChain",
  "LCK": "Luckbox",
  "LK7": "Lucky7Coin",
  "LUCKY": "LuckyBlocks (LUCKY)",
  "LKY": "LuckyCoin",
  "LDM": "Ludum token",
  "LUN": "Lunyr",
  "LC": "Lutetium Coin",
  "LUX**": "Luxmi Coin",
  "LYC": "LycanCoin",
  "LKK": "Lykke",
  "LYM": "Lympo",
  "LYB": "LyraBar",
  "MCAP": "MCAP",
  "MIS": "MIScoin",
  "MMNXT": "MMNXT ",
  "MMXVI": "MMXVI",
  "MUN": "MUNcoin",
  "MAC": "MachineCoin",
  "MCRN": "MacronCoin",
  "MRV": "Macroverse",
  "MDC*": "MadCoin",
  "ART": "Maecenas",
  "MAG**": "Maggie Token",
  "MGN": "MagnaCoin",
  "MAG": "Magnet",
  "MAG*": "Magos",
  "MAID": "MaidSafe Coin",
  "MMXIV": "MaieutiCoin",
  "MIV": "MakeItViral",
  "MKR": "Maker",
  "MAT*": "Manet Coin",
  "MAPC": "MapCoin",
  "MAR": "MarijuanaCoin",
  "MRS": "MarsCoin",
  "MARS": "MarsCoin ",
  "MXT": "MartexCoin",
  "MARV": "Marvelous",
  "MARX": "MarxCoin",
  "MARYJ": "MaryJane Coin",
  "MSR": "Masari",
  "MC": "Mass Coin",
  "MASS": "Mass.Cloud",
  "MCAR": "MasterCar",
  "MSC": "MasterCoin",
  "MM": "MasterMint",
  "MTR": "MasterTraderCoin",
  "MAN*": "Matrix AI Network",
  "MTX": "Matryx",
  "MAX": "MaxCoin",
  "MYC": "MayaCoin",
  "MZC": "MazaCoin",
  "MBIT": "Mbitbooks",
  "MLITE": "MeLite",
  "MDT*": "Measurable Data Token ",
  "MED*": "MediBloc",
  "MEDI": "MediBond",
  "MCU": "MediChain",
  "MDS": "MediShares",
  "MNT*": "Media Network Coin",
  "MDC": "MedicCoin",
  "MTN*": "Medicalchain",
  "MED": "MediterraneanCoin",
  "MPRO": "MediumProject",
  "MEC": "MegaCoin",
  "MEGA": "MegaFlash",
  "XMS": "Megastake",
  "MLN": "Melon",
  "MET": "Memessenger",
  "MMC": "MemoryCoin",
  "MER": "Mercury",
  "GMT": "Mercury Protocol",
  "MTL": "Metal",
  "MTLM3": "Metal Music v3",
  "METAL": "MetalCoin",
  "ETP": "Metaverse",
  "AMM": "MicroMoney",
  "MDX": "Midex",
  "MDT": "Midnight",
  "MUU": "MilkCoin",
  "MIL": "Milllionaire Coin",
  "MILO": "MiloCoin",
  "MNC": "MinCoin",
  "MG": "Mind Gene",
  "MND": "MindCoin",
  "MIN": "Minerals Coin",
  "MNE": "Minereum",
  "MRT": "MinersReward",
  "MNM": "Mineum",
  "MINEX": "Minex",
  "MNX": "MinexCoin",
  "MAT": "MiniApps",
  "MNTS": "Mint",
  "MINT": "MintCoin",
  "CHF": "MobileBridge Momentum",
  "MGO": "MobileGo",
  "EMGO": "MobileGo",
  "MOBI": "Mobius",
  "MTRC": "ModulTrade",
  "MDL": "Modulum",
  "MOD": "Modum",
  "MDA": "Moeda",
  "MOIN": "MoinCoin",
  "MOJO": "Mojocoin",
  "TAB": "MollyCoin",
  "MONA": "MonaCoin",
  "MCO": "Monaco",
  "MNZ": "Monaize",
  "XMR": "Monero",
  "XMRG": "Monero Gold",
  "MONETA": "Moneta",
  "MCN": "MonetaVerde",
  "MUE": "MonetaryUnit",
  "MTH": "Monetha",
  "MONEY": "MoneyCoin",
  "MNY": "Monkey",
  "MONK": "Monkey Project",
  "XMCC": "Monoeci",
  "MBI": "Monster Byte Inc",
  "MOON": "MoonCoin",
  "MRP": "MorpheusCoin",
  "MZX": "Mosaic Network",
  "MOAT": "Mother Of All Tokens",
  "MSP": "Mothership",
  "MOTO": "Motocoin",
  "MTK": "Moya Token",
  "MRSA": "MrsaCoin",
  "MUDRA": "MudraCoin",
  "MLT": "MultiGames",
  "MWC": "MultiWallet Coin",
  "MBT": "Multibot",
  "MRY": "MurrayCoin",
  "MUSIC": "Musicoin",
  "MCI": "Musiconomi",
  "MST": "MustangCoin",
  "MUT": "Mutual Coin",
  "MBC": "My Big Coin",
  "MYB": "MyBit",
  "WISH": "MyWish",
  "MT": "Mycelium Token",
  "XMY": "MyriadCoin",
  "MYST": "Mysterium",
  "MYST*": "MysteryCoin",
  "XEM": "NEM",
  "NEO": "NEO",
  "NEOG": "NEO Gold",
  "NPC": "NPCcoin",
  "NVST": "NVO",
  "NXE": "NXEcoin",
  "NXTI": "NXTI",
  "NXTTY": "NXTTY",
  "NYX": "NYXCOIN",
  "NGC": "NagaCoin",
  "NKT": "NakomotoDark",
  "NMC": "NameCoin",
  "NAMO": "NamoCoin",
  "XRB": "Nano",
  "NAN": "NanoToken",
  "NPX": "Napoleon X",
  "NAS2": "Nas2Coin",
  "NAUT": "Nautilus Coin",
  "NAV": "NavCoin",
  "NVT": "NaviAddress",
  "NEBL": "Neblio",
  "NEBU": "Nebuchadnezzar",
  "NAS": "Nebulas",
  "NDC*": "NeedleCoin",
  "NEF": "NefariousCoin",
  "NEC": "NeoCoin",
  "NEOS": "NeosCoin",
  "NTCC": "NeptuneClassic",
  "NBIT": "NetBit",
  "NET": "NetCoin",
  "NTM": "NetM",
  "NETKO": "Netko",
  "NTWK": "Network Token",
  "NETC": "NetworkCoin",
  "NEU*": "NeuCoin",
  "NEU": "Neumark",
  "NRO": "Neuro",
  "NRC": "Neurocoin",
  "NTK": "Neurotoken",
  "NTRN": "Neutron",
  "NEVA": "NevaCoin",
  "NDC": "NeverDie",
  "NIC": "NewInvestCoin",
  "NYC": "NewYorkCoin",
  "NZC": "NewZealandCoin",
  "NEWB": "Newbium",
  "NXC": "Nexium",
  "NXS": "Nexus",
  "NICE": "NiceCoin",
  "NIHL": "Nihilo Coin",
  "NMB": "Nimbus Coin",
  "NIMFA": "Nimfamoney",
  "NET*": "Nimiq Exchange Token",
  "NTC": "NineElevenTruthCoin",
  "NDOGE": "NinjaDoge",
  "NBR": "Niobio Cash",
  "NLC": "NoLimitCoin",
  "NLC2": "NoLimitCoin",
  "NOBL": "NobleCoin",
  "NODE": "Node",
  "NRB": "NoirBits",
  "NRS": "NoirShares",
  "NOO": "Noocoin",
  "NVC": "NovaCoin",
  "NBX": "Noxbox",
  "NBT": "NuBits",
  "NSR": "NuShares",
  "NUBIS": "NubisCoin",
  "NCASH": "Nucleus Vision",
  "NUKE": "NukeCoin",
  "NKC": "Nukecoinz",
  "NULS": "Nuls",
  "N7": "Number7",
  "NUM": "NumbersCoin",
  "NMR": "Numerai",
  "XNC*": "Numismatic Collections",
  "NMS": "Numus",
  "NXT": "Nxt",
  "NYAN": "NyanCoin",
  "NBL": "Nybble",
  "ODMC": "ODMCoin",
  "OK": "OKCash",
  "OPC": "OP Coin",
  "OBITS": "Obits Coin",
  "OBS": "Obscurebay",
  "ODN": "Obsidian",
  "OCL": "Oceanlab",
  "OTX": "Octanox",
  "OCTO": "OctoCoin",
  "OCN": "Odyssey",
  "ODNT": "Old Dogs New Tricks",
  "OLDSF": "OldSafeCoin",
  "OLV": "OldV",
  "OLYMP": "OlympCoin",
  "MOT": "Olympus Labs",
  "OMA": "OmegaCoin",
  "OMGC": "OmiseGO Classic",
  "OMG": "OmiseGo",
  "OMNI": "Omni",
  "OMC": "OmniCron",
  "ONL": "On.Live",
  "ONX": "Onix",
  "ONT": "Ontology",
  "XPO": "Opair",
  "OPAL": "OpalCoin",
  "OTN": "Open Trading Network",
  "OAX": "OpenANX",
  "OSC": "OpenSourceCoin",
  "ZNT": "OpenZen",
  "OPES": "Opes",
  "OPP": "Opporty",
  "OPTION": "OptionCoin",
  "OPT": "Opus",
  "OC": "OrangeCoin",
  "ORB": "Orbitcoin",
  "ORI": "Origami",
  "TRAC": "OriginTrail",
  "ORLY": "OrlyCoin",
  "ORME": "Ormeus Coin",
  "ORO": "OroCoin",
  "OROC": "Orocrypt",
  "OS76": "OsmiumCoin",
  "OXY": "Oxycoin",
  "PRL": "Oyster Pearl",
  "GENE": "PARKGENE",
  "PQT": "PAquarium",
  "PLNC": "PLNCoin",
  "PROOF": "PROVER",
  "PSI": "PSIcoin",
  "PX": "PXcoin",
  "PCS": "Pabyosi Coin",
  "PBC": "PabyosiCoin",
  "PAC": "PacCoin",
  "PAK": "Pakcoin",
  "PND": "PandaCoin",
  "PINKX": "PantherCoin",
  "PRP": "Papyrus",
  "PRG": "Paragon",
  "DUO": "ParallelCoin",
  "PARA": "ParanoiaCoin",
  "PARETO": "Pareto Network Token",
  "PKB": "ParkByte",
  "PART": "Particl",
  "PASC": "Pascal Coin",
  "PASL": "Pascal Lite",
  "PTOY": "Patientory",
  "XPY": "PayCoin",
  "PYC": "PayCoin",
  "PFR": "PayFair",
  "PAYP": "PayPeer",
  "PPP": "PayPie",
  "PYP": "PayPro",
  "PYN": "Paycentos",
  "CON_": "Paycon",
  "PEC": "PeaceCoin",
  "XPB": "Pebble Coin",
  "PCN": "PeepCoin",
  "PPC": "PeerCoin",
  "GUESS": "Peerguess",
  "PPY": "Peerplays",
  "PGC": "Pegascoin",
  "PEN": "PenCoin",
  "PTA": "PentaCoin",
  "MAN": "People",
  "MEME": "Pepe",
  "PEPECASH": "Pepe Cash",
  "PIE": "Persistent Information Exchange",
  "PTC": "PesetaCoin",
  "PSB": "PesoBit",
  "PTR": "Petro",
  "XPD": "PetroDollar",
  "PXL": "Phalanx",
  "PNX": "PhantomX",
  "XPH": "PharmaCoin",
  "PHS": "PhilosophersStone",
  "PHILS": "PhilsCurrency",
  "PXC": "PhoenixCoin",
  "PHR*": "Phore",
  "PHO": "Photon",
  "PHR": "Phreak",
  "PIGGY": "Piggy Coin",
  "PKC": "Pikciochain",
  "PLR": "Pillar",
  "PINK": "PinkCoin",
  "PCOIN": "Pioneer Coin",
  "PIO": "Pioneershares",
  "PIRL": "Pirl",
  "PIZZA": "PizzaCoin",
  "PLANET": "PlanetCoin",
  "PNC": "PlatiniumCoin",
  "XPTX": "PlatinumBAR",
  "LUC": "Play 2 Live",
  "PKT": "Playkey",
  "PLX": "PlexCoin",
  "PLC": "PlusCoin",
  "PTC**": "Plutocoin",
  "PLU": "Pluton",
  "POE": "Po.et",
  "POS": "PoSToken",
  "POSW": "PoSWallet",
  "POA": "Poa Network",
  "XPS": "PoisonIvyCoin",
  "XPOKE": "PokeChain",
  "POKER": "PokerCoin",
  "POLIS": "PolisPay",
  "POLY": "PolyBit",
  "PLBT": "Polybius",
  "POLY*": "Polymath Network",
  "XSP": "PoolStamp",
  "POP": "PopularCoin",
  "PPT": "Populous",
  "PEX": "PosEx",
  "PSD": "Poseidon",
  "TRON": "Positron",
  "POST": "PostCoin",
  "POT": "PotCoin",
  "POWR": "Power Ledger",
  "PWR": "PowerCoin",
  "PRE": "Premium",
  "PRE*": "Presearch",
  "HILL": "President Clinton",
  "PRES": "President Trump",
  "PBT": "Primalbase",
  "PST": "Primas",
  "PXI": "Prime-X1",
  "PRIME": "PrimeChain",
  "XPM": "PrimeCoin",
  "PRX": "Printerium",
  "PRM": "PrismChain",
  "PIVX": "Private Instant Verified Transaction",
  "PRIX": "Privatix",
  "PZM": "Prizm",
  "XPRO": "ProCoin",
  "PROC": "ProCurrency",
  "PCM": "Procom",
  "PDC": "Project Decorum",
  "OMX": "Project Shivom",
  "ZEPH": "Project Zephyr",
  "PRFT": "Proof Suite Token",
  "PROPS": "Props",
  "PTC*": "Propthereum",
  "PRO": "Propy",
  "VRP": "Prosense.tv",
  "PGL": "Prospectors",
  "PRC": "ProsperCoin",
  "PTS*": "Protoshares",
  "PSEUD": "PseudoCash",
  "PSY": "Psilocybin",
  "PBL": "Publica",
  "PULSE": "Pulse",
  "PMA": "PumaPay",
  "PXS": "Pundi X",
  "PUPA": "PupaCoin",
  "PURA": "Pura",
  "PURE": "Pure",
  "VIDZ": "PureVidz",
  "PRPS": "Purpose",
  "HLP": "Purpose Coin",
  "PUSHI": "Pushi",
  "PUT": "PutinCoin",
  "PYLNT": "Pylon Network",
  "QLC": "QLINK",
  "QTUM": "QTUM",
  "QBT*": "Qbao",
  "QORA": "QoraCoin",
  "QBK": "QuBuck Coin",
  "QSP": "Quantstamp",
  "QAU": "Quantum",
  "QRL": "Quantum Resistant Ledger",
  "Q1S": "Quantum1Net",
  "QRK": "QuarkCoin",
  "QTZ": "Quartz",
  "QTL": "Quatloo",
  "QCN": "Quazar Coin",
  "Q2C": "QubitCoin",
  "QBC": "Quebecoin",
  "QSLV": "Quicksilver coin",
  "QUN": "QunQun",
  "QASH": "Quoine Liquid",
  "XQN": "Quotient",
  "QVT": "Qvolta",
  "QWARK": "Qwark",
  "RFL": "RAFL",
  "RHOC": "RChain",
  "RCN*": "RCoin",
  "REAL": "REAL",
  "MWAT": "RED MegaWatt",
  "REM": "REMME",
  "REX": "REX",
  "RGC": "RG Coin",
  "ROS": "ROS Coin",
  "RADI": "RadicalCoin",
  "RADS": "Radium",
  "RDN": "RadonPay",
  "RDN*": "Raiden Network",
  "XRA": "Ratecoin",
  "RATIO": "Ratio",
  "RAVE": "Ravelous",
  "RVN": "Ravencoin",
  "RZR": "RazorCoin",
  "RCT": "RealChain",
  "REA": "Realisto",
  "RCC": "Reality Clash",
  "REBL": "Rebellious",
  "RRT": "Recovery Right Tokens",
  "RPX": "Red Pulse",
  "RCX": "RedCrowCoin",
  "RED": "Redcoin",
  "RDD": "ReddCoin",
  "REE": "ReeCoin",
  "REF": "RefToken",
  "RFR": "Refereum",
  "REC": "Regalcoin",
  "RLX": "Relex",
  "RNDR": "Render Token",
  "RNS": "RenosCoin",
  "BERRY": "Rentberry",
  "REN": "Republic Token",
  "REPUX": "Repux",
  "REQ": "Request Network",
  "RMS": "Resumeo Shares",
  "RBIT": "ReturnBit",
  "RNC": "ReturnCoin",
  "R": "Revain",
  "REV": "Revenu",
  "XRE": "RevolverCoin",
  "RHEA": "Rhea",
  "XRL": "Rialto.AI",
  "RBR": "Ribbit Rewards",
  "RICE": "RiceCoin",
  "RIDE": "Ride My Car",
  "RIC": "Riecoin",
  "RBT": "Rimbit",
  "RING": "RingCoin",
  "RIPO": "RipOffCoin",
  "RCN": "Ripio",
  "XRP": "Ripple",
  "RIPT": "RiptideCoin",
  "RBX": "RiptoBuX",
  "RISE": "Rise",
  "RVT": "Rivetz",
  "PUT*": "Robin8 Profile Utility Token",
  "RKT": "Rock Token",
  "ROK": "Rockchain",
  "ROCK*": "RocketCoin ",
  "RPC": "RonPaulCoin",
  "ROOT": "RootCoin",
  "ROOTS": "RootProject",
  "RT2": "RotoCoin",
  "ROUND": "RoundCoin",
  "RKC": "Royal Kingdom Coin",
  "RYC": "RoyalCoin",
  "ROYAL": "RoyalCoin",
  "RYCN": "RoyalCoin 2.0",
  "RBIES": "Rubies",
  "RUBIT": "Rublebit",
  "RBY": "RubyCoin",
  "RUFF": "Ruff",
  "RUPX": "Rupaya",
  "RUP": "Rupee",
  "RC": "Russiacoin",
  "RMC": "Russian Mining Coin",
  "RUST": "RustCoin",
  "RUSTBITS": "Rustbits",
  "S8C": "S88 Coin",
  "SAR": "SARCoin",
  "XSH": "SHIELD",
  "SMNX": "SMNX",
  "SNM": "SONM",
  "SXDT": "SPECTRE Dividend Token",
  "SXUT": "SPECTRE Utility Token",
  "SPICE": "SPiCE Venture Capital ",
  "SSV": "SSVCoin",
  "STAC": "STAC",
  "STEX": "STEX",
  "STK": "STK Token",
  "STS": "STRESScoin",
  "SAFEX": "SafeExchangeCoin",
  "SFE": "Safecoin",
  "SFR": "SaffronCoin",
  "SAF": "Safinus",
  "SAGA": "SagaCoin",
  "SFU": "Saifu",
  "SKR": "Sakuracoin",
  "SALT": "Salt Lending",
  "SLS": "SaluS",
  "SMSR": "Samsara Coin",
  "SND": "Sandcoin",
  "SDRN": "Sanderon",
  "SAN": "Santiment",
  "XAI": "SapienceCoin",
  "SAT": "Satisfaction Token",
  "STV": "Sativa Coin",
  "MAD": "SatoshiMadness",
  "SAT2": "Saturn2Coin",
  "STO": "Save The Ocean",
  "SANDG": "Save and Gain",
  "SVD": "Savedroid",
  "SCORE": "Scorecoin",
  "SCOR": "Scorista",
  "SCR": "Scorum",
  "SCOT": "Scotcoin",
  "DDD": "Scry.info",
  "SCRPT": "ScryptCoin",
  "SCT": "ScryptToken",
  "SRT": "Scrypto",
  "SCRT": "SecretCoin",
  "SRC": "SecureCoin",
  "SEEDS": "SeedShares",
  "SEL": "SelenCoin",
  "KEY": "SelfKey",
  "SNS": "Sense",
  "SENSE": "Sense Token",
  "SEN": "Sentaro",
  "SENT": "Sentinel",
  "SEQ": "Sequence",
  "SRNT": "Serenity",
  "SET": "Setcoin",
  "SETH": "Sether",
  "SP": "Sex Pistols",
  "SXC": "SexCoin",
  "SHA": "Shacoin",
  "SHADE": "ShadeCoin",
  "SDC": "ShadowCash",
  "SSS": "ShareChain",
  "SAK": "SharkCoin",
  "SHP": "Sharpe Capital",
  "JEW": "Shekel",
  "SHLD": "ShieldCoin",
  "SHIFT": "Shift",
  "SH": "Shilling",
  "SHORTY": "ShortyCoin",
  "SHOW": "ShowCoin",
  "SHPING": "Shping Coin",
  "SHREK": "ShrekCoin",
  "SC": "Siacoin",
  "SIB": "SibCoin",
  "SGL": "Sigil",
  "SGN": "Signals Network",
  "SIGT": "Signatum",
  "SILK": "SilkCoin",
  "OST": "Simple Token",
  "SIGU": "Singular",
  "SNGLS": "SingularDTV",
  "AGI": "SingularityNET",
  "SRN": "SirinLabs",
  "SKC": "Skeincoin",
  "SKIN": "Skincoin",
  "SKR*": "Skrilla Token",
  "SKB": "SkullBuzz",
  "SKY": "Skycoin",
  "SLM": "SlimCoin",
  "SLING": "Sling Coin",
  "SIFT": "Smart Investment Fund Token",
  "SMART*": "SmartBillions",
  "SMART": "SmartCash",
  "SMC": "SmartCoin",
  "SMT*": "SmartMesh",
  "SMLY": "SmileyCoin",
  "SMF": "SmurfCoin",
  "SNOV": "Snovio",
  "SOAR": "Soarcoin",
  "SMAC": "Social Media Coin",
  "SMT": "Social Media Market",
  "SEND": "Social Send",
  "SOCC": "SocialCoin",
  "XBOT": "SocialXbotCoin",
  "SCL": "Sociall",
  "SOIL": "SoilCoin",
  "SOJ": "Sojourn Coin",
  "SDAO": "Solar DAO",
  "SLR": "SolarCoin",
  "CELL": "SolarFarm",
  "SFC": "Solarflarecoin",
  "XLR": "Solaris",
  "SOLE": "SoleCoin",
  "SCT*": "Soma",
  "SONG": "Song Coin",
  "SSD": "Sonic Screw Driver Coin",
  "SOON": "SoonCoin",
  "SPHTX": "SophiaTX",
  "SNK": "Sosnovkino",
  "SOUL": "SoulCoin",
  "SPX": "Sp8de",
  "SCASH": "SpaceCash",
  "SPC*": "SpaceChain",
  "SPACE": "SpaceCoin",
  "SPA": "SpainCoin",
  "SPANK": "SpankChain",
  "SPK": "Sparks",
  "SPEC": "SpecCoin",
  "SPX*": "Specie",
  "XSPEC": "Spectre",
  "SPEND": "Spend",
  "SPHR": "Sphere Coin",
  "XID": "Sphre AIR",
  "SPC": "SpinCoin",
  "SPN": "Spoon",
  "SPORT": "SportsCoin",
  "SPF": "SportyFi",
  "SPT": "Spots",
  "SPOTS": "Spots",
  "SPR": "Spreadcoin",
  "SPRTS": "Sprouts",
  "SQP": "SqPay",
  "SQL": "Squall Coin",
  "XSI": "Stability Shares",
  "SBC": "StableCoin",
  "STCN": "Stakecoin",
  "STA*": "Stakers",
  "STHR": "Stakerush",
  "STALIN": "StalinCoin",
  "STC": "StarChain",
  "STR*": "StarCoin",
  "STAR*": "StarCoin",
  "SRC*": "StarCredits",
  "STAR": "Starbase",
  "START": "StartCoin",
  "STA": "Starta",
  "STP": "StashPay",
  "SQOIN": "StasyQ",
  "SNT": "Status Network Token",
  "XST": "StealthCoin",
  "PNK": "SteamPunk",
  "STEEM": "Steem",
  "SBD": "Steem Backed Dollars",
  "XLM": "Stellar",
  "STN": "Steneum Coin",
  "STEPS": "Steps",
  "SLG": "SterlingCoin",
  "SPD": "Stipend",
  "STOCKBET": "StockBet",
  "STQ": "Storiqa Token",
  "STORJ": "Storj",
  "SJCX": "StorjCoin",
  "STORM": "Storm",
  "STX": "Stox",
  "STAK": "Straks",
  "SISA": "Strategic Investments in Significant Areas",
  "STRAT": "Stratis",
  "DATA": "Streamr DATAcoin",
  "SHND": "StrongHands",
  "SUB*": "Subscriptio",
  "SUB": "Substratum Network",
  "SUCR": "Sucre",
  "SGR": "Sugar Exchange",
  "SUMO": "Sumokoin",
  "SNC": "SunContract",
  "SSTC": "SunShotCoin",
  "SUP": "Supcoin",
  "SBTC": "Super Bitcoin",
  "SUPER": "SuperCoin",
  "UNITY": "SuperNET",
  "M1": "SupplyShock",
  "SPM": "Supreme",
  "SUR": "Suretly",
  "BUCKS": "SwagBucks",
  "SWT": "Swarm City Token",
  "SWM": "Swarm Fund",
  "SWARM": "SwarmCoin",
  "SWEET": "SweetStake",
  "SWFTC": "SwftCoin",
  "SWING": "SwingCoin",
  "SCN": "Swiscoin",
  "CHSB": "SwissBorg",
  "SDP": "SydPakCoin",
  "SYNC": "SyncCoin",
  "MFG": "SyncFab",
  "SYC": "SynchroCoin",
  "SYNX": "Syndicate",
  "AMP": "Synereo",
  "SNRG": "Synergy",
  "SYS": "SysCoin",
  "BAR": "TBIS token",
  "TDFB": "TDFB",
  "TFD": "TE-FOOD",
  "TKY": "THEKEY Token",
  "TOA": "TOA Coin",
  "XTROPTIONS": "TROPTIONS",
  "TAG": "TagCoin",
  "TAJ": "TajCoin",
  "TAK": "TakCoin",
  "TKLN": "Taklimakan",
  "TAM": "TamaGucci",
  "XTO": "Tao",
  "TTT": "Tap Project",
  "TAP": "TappingCoin",
  "TGT": "TargetCoin",
  "TAT": "Tatiana Coin",
  "TSE": "TattooCoin",
  "TEC": "TeCoin",
  "TEAM": "TeamUP",
  "TECH": "TechCoin",
  "THS": "TechShares",
  "TEK": "TekCoin",
  "TEL": "Telcoin",
  "TELL": "Tellurion",
  "PAY": "TenX",
  "TENNET": "Tennet",
  "TRC": "TerraCoin",
  "TER": "TerraNovaCoin",
  "TESLA": "TeslaCoilCoin",
  "TES": "TeslaCoin",
  "USDT": "Tether",
  "TRA": "Tetra",
  "XTZ": "Tezos",
  "THNX": "ThankYou",
  "ABYSS": "The Abyss",
  "THC": "The Hempcoin",
  "XVE": "The Vegan Initiative",
  "CHIEF": "TheChiefCoin",
  "GCC*": "TheGCCcoin",
  "TCR": "Thecreed",
  "MAY": "Theresa May Coin",
  "THETA": "Theta",
  "TAGR": "Think And Get Rich Coin",
  "TIA": "Tianhe",
  "TDX": "Tidex Token",
  "TNT": "Tierion",
  "TIE": "Ties Network",
  "TGC": "TigerCoin",
  "TIG": "Tigereum",
  "XTC": "TileCoin",
  "TIME": "Time",
  "TNB": "Time New Bank",
  "TME": "Timereum",
  "TMC": "TimesCoin",
  "TIO*": "Tio Tour Guides",
  "TIT": "TitCoin",
  "TBAR": "Titanium BAR",
  "TTC": "TittieCoin",
  "TMT": "ToTheMoon",
  "TODAY": "TodayCoin",
  "TAAS": "Token as a Service",
  "TKN": "TokenCard  ",
  "TCT": "TokenClub ",
  "TDS": "TokenDesk",
  "TPAY*": "TokenPay",
  "ACE": "TokenStars",
  "TEN": "Tokenomy",
  "TKS": "Tokes",
  "TOK": "TokugawaCoin",
  "TOKC": "Tokyo Coin",
  "TOM": "Tomahawkcoin",
  "TOMO": "TomoChain",
  "TOR": "TorCoin",
  "TOT": "TotCoin",
  "MTN": "TrackNetToken",
  "TRCT": "Tracto",
  "TIO": "Trade.io",
  "TX": "Transfer",
  "TBCX": "TrashBurn",
  "TRV": "Travel Coin",
  "TRF": "Travelflex",
  "TZC": "TrezarCoin",
  "TRIA": "Triaconta",
  "TRI": "Triangles Coin",
  "TRIBE": "TribeToken",
  "TRICK": "TrickyCoin",
  "TRDT": "Trident",
  "TRIG": "Trigger",
  "TNC": "Trinity Network Credit",
  "TRIP": "Trippki",
  "TPG": "Troll Payment",
  "TPAY": "TrollPlay",
  "TKN*": "TrollTokens",
  "TROLL": "Trollcoin",
  "TRX": "Tronix",
  "TRK": "TruckCoin",
  "TFL": "True Flip Lottery",
  "TIC": "TrueInvestmentCoin",
  "TRUMP": "TrumpCoin",
  "TRST": "TrustCoin",
  "TRUST": "TrustPlus",
  "TUR": "Turron",
  "TRTL": "TurtleCoin",
  "TWLV": "Twelve Coin",
  "TWIST": "TwisterCoin",
  "UCASH": "U.CASH",
  "UFO": "UFO Coin",
  "XUP": "UPcoin",
  "UR": "UR",
  "USDC": "USCoin",
  "UBQ": "Ubiq",
  "UBIQ": "Ubiqoin",
  "U": "Ucoin",
  "USC": "Ultimate Secure Cash",
  "UTC": "UltraCoin",
  "XUN": "UltraNote",
  "ULTC": "Umbrella",
  "UMC": "Umbrella Coin",
  "UNC": "UnCoin",
  "UNAT": "Unattanium",
  "UNB": "UnbreakableCoin",
  "UNF": "Unfed Coin",
  "USX": "Unified Society USDEX",
  "UNIFY": "Unify",
  "UKG": "UnikoinGold",
  "UNIQ": "Uniqredit",
  "USDE": "UnitaryStatus Dollar",
  "UAEC": "United Arab Emirates Coin",
  "UTT": "United Traders Token",
  "UBTC": "UnitedBitcoin",
  "UIS": "Unitus",
  "UTN": "Universa",
  "UNIT": "Universal Currency",
  "UNRC": "UniversalRoyalCoin",
  "UNI": "Universe",
  "UNO": "Unobtanium",
  "UP": "UpToken",
  "UFR": "Upfiring",
  "UQC": "Uquid Coin",
  "URO": "UroCoin",
  "UETL": "Useless Eth Token Lite",
  "UET": "Useless Ethereum Token",
  "UTH": "Uther",
  "UTIL": "Utility Coin",
  "UTK": "Utrust",
  "VIBE": "VIBEHub",
  "VIP": "VIP Tokens",
  "VIVO": "VIVO Coin",
  "VVI": "VV Coin",
  "VAL": "Valorbit",
  "VLR": "Valorem",
  "VANY": "Vanywhere",
  "VPRC": "VapersCoin",
  "VAPOR": "Vaporcoin",
  "VLTC": "VaultCoin",
  "XVC": "Vcash",
  "VEN": "Vechain",
  "VEC2": "VectorCoin 2.0 ",
  "VLX": "Velox",
  "VLT": "Veltor",
  "VNT": "Veredictum",
  "XVG": "Verge",
  "VRC": "VeriCoin",
  "CRED": "Verify",
  "VERI": "Veritaseum",
  "VRM": "Verium",
  "VRS": "Veros",
  "VERSA": "Versa Token",
  "VTC": "Vertcoin",
  "VTX": "Vertex",
  "VST": "Vestarin",
  "VZT": "Vezt",
  "VIA": "ViaCoin",
  "VIB": "Viberate",
  "VTY": "Victoriouscoin",
  "VDO": "VidioCoin",
  "VIN": "VinChain",
  "VIOR": "ViorCoin",
  "VIRAL": "Viral Coin",
  "VUC": "Virta Unique Coin",
  "VTA": "VirtaCoin",
  "XVP": "VirtacoinPlus",
  "VMC": "VirtualMining Coin",
  "VISIO": "Visio",
  "VIU": "Viuly",
  "VOISE": "Voise",
  "VOOT": "VootCoin",
  "VOT": "Votecoin",
  "VOX": "Voxels",
  "VOYA": "Voyacoin",
  "VSX": "Vsync",
  "VTR": "Vtorrent",
  "VULC": "Vulcano",
  "W3C": "W3Coin",
  "WMC": "WMCoin",
  "WRT": "WRTcoin",
  "WABI": "WaBi",
  "WGR": "Wagerr",
  "WTC": "Waltonchain",
  "WAN": "Wanchain",
  "WAND": "WandX",
  "WRC*": "WarCoin",
  "WARP": "WarpCoin",
  "WASH": "WashingtonCoin",
  "WAVES": "Waves",
  "WCT": "Waves Community Token",
  "WGO": "WavesGO",
  "WNET": "Wavesnode.net",
  "WAY": "WayCoin",
  "WSX": "WeAreSatoshi",
  "WPR": "WePower",
  "WT": "WeToken",
  "WEALTH": "WealthCoin",
  "WEB": "Webcoin",
  "WELL": "Well",
  "WEX": "Wexcoin",
  "WHL": "WhaleCoin",
  "WC": "WhiteCoin",
  "XWC": "WhiteCoin",
  "WIC": "Wi Coin",
  "WBB": "Wild Beast Coin",
  "WILD": "Wild Crypto",
  "WINE": "WineCoin",
  "WINGS": "Wings DAO",
  "WINK": "Wink",
  "WISC": "WisdomCoin",
  "WSC": "WiserCoin",
  "WSH": "Wish Finance",
  "WISH*": "WishFinance",
  "WLK": "Wolk",
  "WOMEN": "WomenCoin",
  "LOG": "Wood Coin",
  "WCG": "World Crypto Gold",
  "WGC": "World Gold Coin",
  "XWT": "World Trade Funds",
  "WBTC": "WorldBTC",
  "WDC": "WorldCoin",
  "WOP": "WorldPay",
  "WRC": "Worldcore",
  "WAX": "Worldwide Asset eXchange",
  "WYR": "Wyrify",
  "XRED": "X Real Estate Development",
  "XC": "X11 Coin",
  "X2": "X2Coin",
  "X8X": "X8Currency",
  "XCO": "XCoin",
  "XDE2": "XDE II",
  "XG": "XG Sports",
  "XXX": "XXXCoin",
  "XYO": "XYO",
  "XNX": "XanaxCoin",
  "XAU": "XauCoin",
  "XAUR": "Xaurum",
  "XCASH": "Xcash",
  "XNC": "XenCoin",
  "XEN": "XenixCoin",
  "XNN": "Xenon",
  "MI": "XiaoMiCoin",
  "XDCE": "XinFin Coin",
  "XIOS": "Xios",
  "XBY": "XtraBYtes",
  "YAY": "YAYcoin",
  "YAC": "YAcCoin",
  "YMC": "YamahaCoin",
  "YBC": "YbCoin",
  "YEE": "Yee",
  "YES": "YesCoin",
  "YOC": "YoCoin",
  "YOVI": "YobitVirtualCoin",
  "YOYOW": "Yoyow",
  "Z2": "Z2 Coin",
  "ZAB": "ZABERcoin",
  "ZCC": "ZCC Coin",
  "ZEC": "ZCash",
  "ZECD": "ZCashDarkCoin",
  "ZCG": "ZCashGOLD",
  "ZCL": "ZClassic",
  "XZC": "ZCoin",
  "ZLQ": "ZLiteQubit",
  "ZSE": "ZSEcoin",
  "ZAP": "Zap",
  "ZYD": "ZayedCoin",
  "ZXT": "Zcrypt",
  "ZED": "ZedCoins",
  "ZPT": "Zeepin",
  "ZEIT": "ZeitCoin",
  "ZEN*": "Zen Protocol",
  "ZEN": "ZenCash",
  "ZENI": "Zennies",
  "ZNA": "Zenome",
  "ZER": "Zero",
  "ZET2": "Zeta2Coin",
  "ZET": "ZetaCoin",
  "ZSC": "Zeusshield",
  "ZRC*": "ZiftrCoin",
  "ZBC": "Zilbercoin",
  "ZIL": "Zilliqa",
  "ZOI": "Zoin",
  "ZNE": "ZoneCoin",
  "ZOOM": "ZoomCoin",
  "ZRC": "ZrCoin",
  "ZUP": "Zupply Token",
  "ZUR": "Zurcoin",
  "AXP": "aXpire",
  "ELF": "aelf",
  "BITCNY": "bitCNY",
  "BITUSD": "bitUSD",
  "DCS": "deCLOUDs",
  "DNT": "district0x",
  "ECHT": "e-Chat",
  "EBIT": "eBit",
  "EBTC": "eBitcoin",
  "EBCH": "eBitcoinCash",
  "EBST": "eBoost",
  "ELTC2": "eLTC",
  "DEM": "eMark",
  "EREAL": "eREAL",
  "EXMR": "eXMR Monero",
  "FDX": "fidentiaX",
  "GCN": "gCn Coin",
  "IBANK": "iBankCoin",
  "ICE": "iDice",
  "IETH": "iEthereum",
  "RLC": "iEx.ec",
  "ILT": "iOlite",
  "IW": "iWallet",
  "IXT": "iXledger",
  "ONG": "onG.social",
  "redBUX": "redBUX",
  "UGC": "ugChain",
  "VSL": "vSlice",
  "WBTC*": "wBTC"
}